2011-2012,SA2_2016_A,SA2_2016_1,SA2_2016_2,SA2_2016_3,SA2_2016_4,SA2_2016_5,SA2_2016_6,SA2_2016_7,SA2_2016_8,SA2_2016_9,SA2_201_10,SA2_201_11,SA2_to_GM_,SA2_to_GM1,SA2_OBJECT,SA2_Code,SA2_Region,SA2_Code_t,Shape_Leng,Shape_Area
306.9998079231175,206011105,21105,Brunswick,20601,Brunswick - Coburg,206,Melbourne - Inner,2GMEL,Greater Melbourne,2,Victoria,5.1425,0,,0,0,,0,0.0974692757988,0.000525840051131
155.99992873464407,206011106,21106,Brunswick East,20601,Brunswick - Coburg,206,Melbourne - Inner,2GMEL,Greater Melbourne,2,Victoria,2.168,0,,0,0,,0,0.07517032335,0.000221698437977
92.04882753895774,206011107,21107,Brunswick West,20601,Brunswick - Coburg,206,Melbourne - Inner,2GMEL,Greater Melbourne,2,Victoria,3.1795,0,,0,0,,0,0.115533346606,0.000325015819151
76.00003333025226,206011108,21108,Coburg,20601,Brunswick - Coburg,206,Melbourne - Inner,2GMEL,Greater Melbourne,2,Victoria,6.9346,0,,0,0,,0,0.120194234546,0.000708798898389
37.0543252867116,206011109,21109,Pascoe Vale South,20601,Brunswick - Coburg,206,Melbourne - Inner,2GMEL,Greater Melbourne,2,Victoria,2.9887,0,,0,0,,0,0.087208155677,0.000305533386294
31.000213222640298,206021110,21110,Alphington - Fairfield,20602,Darebin - South,206,Melbourne - Inner,2GMEL,Greater Melbourne,2,Victoria,2.8853,0,,0,0,,0,0.0832330994166,0.000295047525452
92.99986929679362,206021111,21111,Northcote,20602,Darebin - South,206,Melbourne - Inner,2GMEL,Greater Melbourne,2,Victoria,6.145,0,,0,0,,0,0.124376917706,0.000628410016716
56.00161197958977,206021112,21112,Thornbury,20602,Darebin - South,206,Melbourne - Inner,2GMEL,Greater Melbourne,2,Victoria,4.9972,0,,0,0,,0,0.133308893114,0.000510922202742
44.99868489846894,206031113,21113,Ascot Vale,20603,Essendon,206,Melbourne - Inner,2GMEL,Greater Melbourne,2,Victoria,3.8361,0,,0,0,,0,0.122369494506,0.000392305328606
136.94926673985103,206031114,21114,Essendon - Aberfeldie,20603,Essendon,206,Melbourne - Inner,2GMEL,Greater Melbourne,2,Victoria,8.443,0,,0,0,,0,0.169498693424,0.000863163350669
14.015936648603983,206031115,21115,Flemington,20603,Essendon,206,Melbourne - Inner,2GMEL,Greater Melbourne,2,Victoria,1.5808,0,,0,0,,0,0.0689056720387,0.000161687980884
79.00033644965214,206031116,21116,Moonee Ponds,20603,Essendon,206,Melbourne - Inner,2GMEL,Greater Melbourne,2,Victoria,4.3551,0,,0,0,,0,0.114523475437,0.000445357164487
242.00270065313362,206041117,21117,Carlton,20604,Melbourne City,206,Melbourne - Inner,2GMEL,Greater Melbourne,2,Victoria,1.8185,0,,0,0,,0,0.0625710230433,0.000186005705131
732.6367810150672,206041118,21118,Docklands,20604,Melbourne City,206,Melbourne - Inner,2GMEL,Greater Melbourne,2,Victoria,2.444,0,,0,0,,0,0.0694885422326,0.00025004788721
8.00485629596408,206041119,21119,East Melbourne,20604,Melbourne City,206,Melbourne - Inner,2GMEL,Greater Melbourne,2,Victoria,2.8998,0,,0,0,,0,0.0819542507143,0.000296709521092
5.601285018386193e-05,206041120,21120,Flemington Racecourse,20604,Melbourne City,206,Melbourne - Inner,2GMEL,Greater Melbourne,2,Victoria,1.7093,0,,0,0,,0,0.0539188907191,0.000174828413915
82.00003613801316,206041121,21121,Kensington (Vic.),20604,Melbourne City,206,Melbourne - Inner,2GMEL,Greater Melbourne,2,Victoria,2.147,0,,0,0,,0,0.0701927689143,0.000219615014302
2395.999049321551,206041122,21122,Melbourne,20604,Melbourne City,206,Melbourne - Inner,2GMEL,Greater Melbourne,2,Victoria,2.369,0,,0,0,,0,0.0688184645923,0.000242354494069
384.0081722198656,206041123,21123,North Melbourne,20604,Melbourne City,206,Melbourne - Inner,2GMEL,Greater Melbourne,2,Victoria,3.2492,0,,0,0,,0,0.080468867189,0.000332461417247
176.9999349130597,206041124,21124,Parkville,20604,Melbourne City,206,Melbourne - Inner,2GMEL,Greater Melbourne,2,Victoria,4.0492,0,,0,0,,0,0.0928128327037,0.000414110801187
6.000444485000287,206041125,21125,South Yarra - West,20604,Melbourne City,206,Melbourne - Inner,2GMEL,Greater Melbourne,2,Victoria,1.5027,0,,0,0,,0,0.0651016957711,0.000153761758003
1710.5228223200772,206041126,21126,Southbank,20604,Melbourne City,206,Melbourne - Inner,2GMEL,Greater Melbourne,2,Victoria,3.0743,0,,0,0,,0,0.119583502717,0.000314639888522
56.78820240686592,206041127,21127,West Melbourne,20604,Melbourne City,206,Melbourne - Inner,2GMEL,Greater Melbourne,2,Victoria,6.1992,0,,0,0,,0,0.116792027433,0.000634263519691
11.005137527965111,206051128,21128,Albert Park,20605,Port Phillip,206,Melbourne - Inner,2GMEL,Greater Melbourne,2,Victoria,4.6747,0,,0,0,,0,0.10827201619,0.000478593736249
67.00003892403598,206051129,21129,Elwood,20605,Port Phillip,206,Melbourne - Inner,2GMEL,Greater Melbourne,2,Victoria,2.553,0,,0,0,,0,0.072603270164,0.000261512523715
92.78235952651235,206051130,21130,Port Melbourne,20605,Port Phillip,206,Melbourne - Inner,2GMEL,Greater Melbourne,2,Victoria,2.7894,0,,0,0,,0,0.111623346612,0.000285462745206
9.538918881308064,206051131,21131,Port Melbourne Industrial,20605,Port Phillip,206,Melbourne - Inner,2GMEL,Greater Melbourne,2,Victoria,6.8694,0,,0,0,,0,0.15993042999,0.000703016637486
602.2807361164573,206051132,21132,South Melbourne,20605,Port Phillip,206,Melbourne - Inner,2GMEL,Greater Melbourne,2,Victoria,2.4948,0,,0,0,,0,0.0892878764339,0.000255323889784
393.9999163886695,206051133,21133,St Kilda,20605,Port Phillip,206,Melbourne - Inner,2GMEL,Greater Melbourne,2,Victoria,3.901,0,,0,0,,0,0.0995212165602,0.000399448709625
25.00024723005276,206051134,21134,St Kilda East,20605,Port Phillip,206,Melbourne - Inner,2GMEL,Greater Melbourne,2,Victoria,2.4135,0,,0,0,,0,0.0815497443168,0.000247094525548
11.000534354457997,206061135,21135,Armadale,20606,Stonnington - West,206,Melbourne - Inner,2GMEL,Greater Melbourne,2,Victoria,2.1835,0,,0,0,,0,0.0622089602743,0.000223480124871
472.9999156019743,206061136,21136,Prahran - Windsor,20606,Stonnington - West,206,Melbourne - Inner,2GMEL,Greater Melbourne,2,Victoria,2.9054,0,,0,0,,0,0.0764397828369,0.000297349018352
394.9998235373438,206061137,21137,South Yarra - East,20606,Stonnington - West,206,Melbourne - Inner,2GMEL,Greater Melbourne,2,Victoria,2.5172,0,,0,0,,0,0.0754414226313,0.00025767495753
89.36977453022739,206061138,21138,Toorak,20606,Stonnington - West,206,Melbourne - Inner,2GMEL,Greater Melbourne,2,Victoria,4.3233,0,,0,0,,0,0.0911836089579,0.00044254501282
779.9964740874052,206071139,21139,Abbotsford,20607,Yarra,206,Melbourne - Inner,2GMEL,Greater Melbourne,2,Victoria,1.7405,0,,0,0,,0,0.0929901190257,0.000178083536704
2.0001279845077597,206071140,21140,Carlton North - Princes Hill,20607,Yarra,206,Melbourne - Inner,2GMEL,Greater Melbourne,2,Victoria,2.3042,0,,0,0,,0,0.0617979100528,0.000235665961359
226.99955634215587,206071141,21141,Collingwood,20607,Yarra,206,Melbourne - Inner,2GMEL,Greater Melbourne,2,Victoria,1.2671,0,,0,0,,0,0.0466128070906,0.000129622211951
10.000231722842358,206071142,21142,Fitzroy,20607,Yarra,206,Melbourne - Inner,2GMEL,Greater Melbourne,2,Victoria,1.378,0,,0,0,,0,0.0489736643378,0.000140918925984
18.008403808532115,206071143,21143,Fitzroy North,20607,Yarra,206,Melbourne - Inner,2GMEL,Greater Melbourne,2,Victoria,2.5051,0,,0,0,,0,0.0696763876089,0.000256209822131
676.9841558857502,206071144,21144,Richmond (Vic.),20607,Yarra,206,Melbourne - Inner,2GMEL,Greater Melbourne,2,Victoria,6.2125,0,,0,0,,0,0.124234496045,0.000635743943884
134.9998731656733,206071145,21145,Yarra - North,20607,Yarra,206,Melbourne - Inner,2GMEL,Greater Melbourne,2,Victoria,5.2089,0,,0,0,,0,0.204316922459,0.000532765414468
40.00012893264909,207011146,21146,Ashburton (Vic.),20701,Boroondara,207,Melbourne - Inner East,2GMEL,Greater Melbourne,2,Victoria,2.8366,0,,0,0,,0,0.0866233607377,0.000290437033107
87.99998820893217,207011147,21147,Balwyn,20701,Boroondara,207,Melbourne - Inner East,2GMEL,Greater Melbourne,2,Victoria,5.585,0,,0,0,,0,0.122595790397,0.000571471987605
96.99999411312992,207011148,21148,Balwyn North,20701,Boroondara,207,Melbourne - Inner East,2GMEL,Greater Melbourne,2,Victoria,8.8491,0,,0,0,,0,0.141002851904,0.000905157909763
105.9998908833096,207011149,21149,Camberwell,20701,Boroondara,207,Melbourne - Inner East,2GMEL,Greater Melbourne,2,Victoria,7.2919,0,,0,0,,0,0.136625260009,0.00074631055407
74.8884069758433,207011150,21150,Glen Iris - East,20701,Boroondara,207,Melbourne - Inner East,2GMEL,Greater Melbourne,2,Victoria,5.7049,0,,0,0,,0,0.144583112844,0.000584087661082
359.85291169216646,207011151,21151,Hawthorn,20701,Boroondara,207,Melbourne - Inner East,2GMEL,Greater Melbourne,2,Victoria,5.6721,0,,0,0,,0,0.117209685281,0.000580435221475
124.00005412909373,207011152,21152,Hawthorn East,20701,Boroondara,207,Melbourne - Inner East,2GMEL,Greater Melbourne,2,Victoria,3.824,0,,0,0,,0,0.089892172033,0.000391414968195
127.99966447522263,207011153,21153,Kew,20701,Boroondara,207,Melbourne - Inner East,2GMEL,Greater Melbourne,2,Victoria,10.534,0,,0,0,,0,0.237668977109,0.0010776060905
19.000157367171134,207011154,21154,Kew East,20701,Boroondara,207,Melbourne - Inner East,2GMEL,Greater Melbourne,2,Victoria,4.0155,0,,0,0,,0,0.114834709762,0.000410744565225
45.00005042172434,207011155,21155,Surrey Hills (West) - Canterbury,20701,Boroondara,207,Melbourne - Inner East,2GMEL,Greater Melbourne,2,Victoria,5.7026,0,,0,0,,0,0.130579424974,0.000583563958784
21.00001997941503,207021156,21156,Bulleen,20702,Manningham - West,207,Melbourne - Inner East,2GMEL,Greater Melbourne,2,Victoria,6.6711,0,,0,0,,0,0.172628909795,0.000682168904448
116.99998602254225,207021157,21157,Doncaster,20702,Manningham - West,207,Melbourne - Inner East,2GMEL,Greater Melbourne,2,Victoria,8.7738,0,,0,0,,0,0.150810623732,0.0008974356973
34.000010006440185,207021159,21159,Templestowe,20702,Manningham - West,207,Melbourne - Inner East,2GMEL,Greater Melbourne,2,Victoria,16.1176,0,,0,0,,0,0.216359299697,0.00164778438748
61.00000853971022,207021160,21160,Templestowe Lower,20702,Manningham - West,207,Melbourne - Inner East,2GMEL,Greater Melbourne,2,Victoria,5.9386,0,,0,0,,0,0.128284805179,0.000607184965155
103.99991723364059,207021424,21424,Doncaster East (North),20702,Manningham - West,207,Melbourne - Inner East,2GMEL,Greater Melbourne,2,Victoria,6.4029,0,,0,0,,0,0.165091474179,0.00065478879576
103.99993618134813,207021425,21425,Doncaster East (South),20702,Manningham - West,207,Melbourne - Inner East,2GMEL,Greater Melbourne,2,Victoria,4.7684,0,,0,0,,0,0.102433642212,0.000487783689522
192.9997957087871,207031161,21161,Blackburn,20703,Whitehorse - West,207,Melbourne - Inner East,2GMEL,Greater Melbourne,2,Victoria,8.6077,0,,0,0,,0,0.141451428528,0.000880710054429
28.000026189187754,207031162,21162,Blackburn South,20703,Whitehorse - West,207,Melbourne - Inner East,2GMEL,Greater Melbourne,2,Victoria,3.5966,0,,0,0,,0,0.086202387271,0.000368136230501
185.9999529418758,207031163,21163,Box Hill,20703,Whitehorse - West,207,Melbourne - Inner East,2GMEL,Greater Melbourne,2,Victoria,7.012,0,,0,0,,0,0.114853196394,0.00071764268571
133.0000073495648,207031164,21164,Box Hill North,20703,Whitehorse - West,207,Melbourne - Inner East,2GMEL,Greater Melbourne,2,Victoria,6.2087,0,,0,0,,0,0.126681052947,0.000635154719301
76.00000233152736,207031165,21165,Burwood,20703,Whitehorse - West,207,Melbourne - Inner East,2GMEL,Greater Melbourne,2,Victoria,5.0392,0,,0,0,,0,0.113534179688,0.000515838686068
61.999996306600345,207031166,21166,Burwood East,20703,Whitehorse - West,207,Melbourne - Inner East,2GMEL,Greater Melbourne,2,Victoria,4.263,0,,0,0,,0,0.103781330918,0.000436349500063
42.000170781503506,207031167,21167,Surrey Hills (East) - Mont Albert,20703,Whitehorse - West,207,Melbourne - Inner East,2GMEL,Greater Melbourne,2,Victoria,3.3279,0,,0,0,,0,0.0794994118668,0.000340559664658
106.00001158448705,208011168,21168,Beaumaris,20801,Bayside,208,Melbourne - Inner South,2GMEL,Greater Melbourne,2,Victoria,5.9678,0,,0,0,,0,0.111205257069,0.000612002036863
213.99996697280423,208011169,21169,Brighton (Vic.),20801,Bayside,208,Melbourne - Inner South,2GMEL,Greater Melbourne,2,Victoria,8.2005,0,,0,0,,0,0.134276459996,0.0008401212883
84.00017295995293,208011170,21170,Brighton East,20801,Bayside,208,Melbourne - Inner South,2GMEL,Greater Melbourne,2,Victoria,5.6083,0,,0,0,,0,0.116817684558,0.00057457700843
181.00001729339797,208011171,21171,Cheltenham - Highett (West),20801,Bayside,208,Melbourne - Inner South,2GMEL,Greater Melbourne,2,Victoria,5.3198,0,,0,0,,0,0.111949641569,0.000545335505392
166.99921502865448,208011172,21172,Hampton,20801,Bayside,208,Melbourne - Inner South,2GMEL,Greater Melbourne,2,Victoria,5.6846,0,,0,0,,0,0.131847008761,0.000582633303749
54.000118138703584,208011173,21173,Sandringham - Black Rock,20801,Bayside,208,Melbourne - Inner South,2GMEL,Greater Melbourne,2,Victoria,6.4301,0,,0,0,,0,0.162121959135,0.000659186777745
134.00000619262028,208021174,21174,Bentleigh - McKinnon,20802,Glen Eira,208,Melbourne - Inner South,2GMEL,Greater Melbourne,2,Victoria,6.2242,0,,0,0,,0,0.100319310905,0.000637799201009
166.99977944289896,208021176,21176,Carnegie,20802,Glen Eira,208,Melbourne - Inner South,2GMEL,Greater Melbourne,2,Victoria,3.8043,0,,0,0,,0,0.0861395979414,0.00038970193808
115.99993151461825,208021177,21177,Caulfield - North,20802,Glen Eira,208,Melbourne - Inner South,2GMEL,Greater Melbourne,2,Victoria,6.4189,0,,0,0,,0,0.131347923987,0.00065733028448
188.99993109102252,208021178,21178,Caulfield - South,20802,Glen Eira,208,Melbourne - Inner South,2GMEL,Greater Melbourne,2,Victoria,4.7426,0,,0,0,,0,0.0864099068672,0.000485727363905
47.000083652814794,208021179,21179,Elsternwick,20802,Glen Eira,208,Melbourne - Inner South,2GMEL,Greater Melbourne,2,Victoria,2.8616,0,,0,0,,0,0.071956673662,0.00029309632343
49.00075858720119,208021180,21180,Hughesdale,20802,Glen Eira,208,Melbourne - Inner South,2GMEL,Greater Melbourne,2,Victoria,2.0096,0,,0,0,,0,0.0614650874952,0.000205863592975
24.00011168171152,208021181,21181,Murrumbeena,20802,Glen Eira,208,Melbourne - Inner South,2GMEL,Greater Melbourne,2,Victoria,2.5148,0,,0,0,,0,0.0722012882065,0.00025759413552
60.00005242119886,208021182,21182,Ormond - Glen Huntly,20802,Glen Eira,208,Melbourne - Inner South,2GMEL,Greater Melbourne,2,Victoria,2.9371,0,,0,0,,0,0.0997130293769,0.00030084946602
177.99998389362082,208021426,21426,Bentleigh East (North),20802,Glen Eira,208,Melbourne - Inner South,2GMEL,Greater Melbourne,2,Victoria,4.5989,0,,0,0,,0,0.0932315835266,0.000471205623248
177.99994043611198,208021427,21427,Bentleigh East (South),20802,Glen Eira,208,Melbourne - Inner South,2GMEL,Greater Melbourne,2,Victoria,4.5882,0,,0,0,,0,0.0932201367804,0.00047016561993
11.005406058501919,208031183,21183,Aspendale Gardens - Waterways,20803,Kingston,208,Melbourne - Inner South,2GMEL,Greater Melbourne,2,Victoria,5.3073,0,,0,0,,0,0.107479749922,0.000544518504123
9.870395221667216e-05,208031184,21184,Braeside,20803,Kingston,208,Melbourne - Inner South,2GMEL,Greater Melbourne,2,Victoria,9.0819,0,,0,0,,0,0.151829706962,0.000931544115144
53.000264914059116,208031185,21185,Carrum - Patterson Lakes,20803,Kingston,208,Melbourne - Inner South,2GMEL,Greater Melbourne,2,Victoria,5.8242,0,,0,0,,0,0.131113286776,0.000598056837463
79.99998768805611,208031186,21186,Chelsea - Bonbeach,20803,Kingston,208,Melbourne - Inner South,2GMEL,Greater Melbourne,2,Victoria,5.423,0,,0,0,,0,0.0998626319742,0.000556685756318
6.000221527107577,208031187,21187,Chelsea Heights,20803,Kingston,208,Melbourne - Inner South,2GMEL,Greater Melbourne,2,Victoria,3.1958,0,,0,0,,0,0.0770660320839,0.000327951148029
287.9998609872566,208031188,21188,Cheltenham - Highett (East),20803,Kingston,208,Melbourne - Inner South,2GMEL,Greater Melbourne,2,Victoria,8.7377,0,,0,0,,0,0.155957244025,0.000895705380118
40.99999774553375,208031189,21189,Edithvale - Aspendale,20803,Kingston,208,Melbourne - Inner South,2GMEL,Greater Melbourne,2,Victoria,5.1001,0,,0,0,,0,0.124604543616,0.00052336603936
170.00003412644344,208031190,21190,Mentone,20803,Kingston,208,Melbourne - Inner South,2GMEL,Greater Melbourne,2,Victoria,4.45,0,,0,0,,0,0.127341371483,0.000456296853338
91.00200033879675,208031191,21191,Moorabbin - Heatherton,20803,Kingston,208,Melbourne - Inner South,2GMEL,Greater Melbourne,2,Victoria,11.6997,0,,0,0,,0,0.210576018585,0.00119931137481
4.237090171377257e-05,208031192,21192,Moorabbin Airport,20803,Kingston,208,Melbourne - Inner South,2GMEL,Greater Melbourne,2,Victoria,3.0755,0,,0,0,,0,0.0784740914214,0.000315378414029
108.00004680471594,208031193,21193,Mordialloc - Parkdale,20803,Kingston,208,Melbourne - Inner South,2GMEL,Greater Melbourne,2,Victoria,7.9681,0,,0,0,,0,0.126854688175,0.000817251407194
141.00499111296705,208041194,21194,Malvern - Glen Iris,20804,Stonnington - East,208,Melbourne - Inner South,2GMEL,Greater Melbourne,2,Victoria,6.1552,0,,0,0,,0,0.132679035678,0.000630167891873
92.00050879314777,208041195,21195,Malvern East,20804,Stonnington - East,208,Melbourne - Inner South,2GMEL,Greater Melbourne,2,Victoria,7.5668,0,,0,0,,0,0.150567446784,0.00077499013651
11.00001421202346,209011196,21196,Bundoora - East,20901,Banyule,209,Melbourne - North East,2GMEL,Greater Melbourne,2,Victoria,4.0749,0,,0,0,,0,0.099790639784,0.000416318617575
43.00000709695037,209011197,21197,Greensborough,20901,Banyule,209,Melbourne - North East,2GMEL,Greater Melbourne,2,Victoria,10.0974,0,,0,0,,0,0.197731395266,0.00103156120301
62.999987102254465,209011198,21198,Heidelberg - Rosanna,20901,Banyule,209,Melbourne - North East,2GMEL,Greater Melbourne,2,Victoria,6.3717,0,,0,0,,0,0.136496760719,0.00065138607128
112.00608595962461,209011199,21199,Heidelberg West,20901,Banyule,209,Melbourne - North East,2GMEL,Greater Melbourne,2,Victoria,6.6912,0,,0,0,,0,0.122596560411,0.000684011624426
60.00040032478285,209011200,21200,Ivanhoe,20901,Banyule,209,Melbourne - North East,2GMEL,Greater Melbourne,2,Victoria,5.0499,0,,0,0,,0,0.160205544065,0.000516432964816
37.00000591017202,209011201,21201,Ivanhoe East - Eaglemont,20901,Banyule,209,Melbourne - North East,2GMEL,Greater Melbourne,2,Victoria,4.2769,0,,0,0,,0,0.120029419388,0.000437422399801
32.00000551832894,209011202,21202,Montmorency - Briar Hill,20901,Banyule,209,Melbourne - North East,2GMEL,Greater Melbourne,2,Victoria,12.0278,0,,0,0,,0,0.222768689013,0.00122927823147
30.000015522874943,209011203,21203,Viewbank - Yallambie,20901,Banyule,209,Melbourne - North East,2GMEL,Greater Melbourne,2,Victoria,10.2379,0,,0,0,,0,0.196074530078,0.00104644712338
12.000013749311385,209011204,21204,Watsonia,20901,Banyule,209,Melbourne - North East,2GMEL,Greater Melbourne,2,Victoria,3.7856,0,,0,0,,0,0.115172283804,0.000386777110979
107.99985141762247,209021205,21205,Kingsbury,20902,Darebin - North,209,Melbourne - North East,2GMEL,Greater Melbourne,2,Victoria,9.0093,0,,0,0,,0,0.174782087004,0.000920585666615
295.99996020194624,209021207,21207,Reservoir - East,20902,Darebin - North,209,Melbourne - North East,2GMEL,Greater Melbourne,2,Victoria,8.9663,0,,0,0,,0,0.173843778566,0.000916249113779
93.0000345336213,209021208,21208,Reservoir - West,20902,Darebin - North,209,Melbourne - North East,2GMEL,Greater Melbourne,2,Victoria,10.1544,0,,0,0,,0,0.171798618757,0.00103764544198
257.9993392137318,209021428,21428,Preston - East,20902,Darebin - North,209,Melbourne - North East,2GMEL,Greater Melbourne,2,Victoria,7.7457,0,,0,0,,0,0.132441770018,0.000791688338406
257.9998890497794,209021429,21429,Preston - West,20902,Darebin - North,209,Melbourne - North East,2GMEL,Greater Melbourne,2,Victoria,3.5679,0,,0,0,,0,0.0819868301656,0.000364677706493
64.99999163556949,209031209,21209,Eltham,20903,Nillumbik - Kinglake,209,Melbourne - North East,2GMEL,Greater Melbourne,2,Victoria,19.4881,0,,0,0,,0,0.264216415831,0.00199130839798
2.0000071571374614,209031210,21210,Hurstbridge,20903,Nillumbik - Kinglake,209,Melbourne - North East,2GMEL,Greater Melbourne,2,Victoria,14.8421,0,,0,0,,0,0.299488339093,0.00151505517263
46.000003786952036,209031211,21211,Kinglake,20903,Nillumbik - Kinglake,209,Melbourne - North East,2GMEL,Greater Melbourne,2,Victoria,319.504,0,,0,0,,0,1.31474211558,0.0325521548678
15.000038711373502,209031212,21212,Panton Hill - St Andrews,20903,Nillumbik - Kinglake,209,Melbourne - North East,2GMEL,Greater Melbourne,2,Victoria,292.1978,0,,0,0,,0,1.22355186856,0.0298110502031
27.00019661261142,209031213,21213,Plenty - Yarrambat,20903,Nillumbik - Kinglake,209,Melbourne - North East,2GMEL,Greater Melbourne,2,Victoria,29.117,0,,0,0,,0,0.485440284488,0.00297288488688
12.000006598929748,209031214,21214,Research - North Warrandyte,20903,Nillumbik - Kinglake,209,Melbourne - North East,2GMEL,Greater Melbourne,2,Victoria,49.7947,0,,0,0,,0,0.51766738097,0.00508719882703
43.99999570759652,209031215,21215,Wattle Glen - Diamond Creek,20903,Nillumbik - Kinglake,209,Melbourne - North East,2GMEL,Greater Melbourne,2,Victoria,26.8245,0,,0,0,,0,0.352760324452,0.00273933845581
99.9997333739993,209041216,21216,Bundoora - North,20904,Whittlesea - Wallan,209,Melbourne - North East,2GMEL,Greater Melbourne,2,Victoria,4.715,0,,0,0,,0,0.154522100473,0.000481537922526
19.000294443650347,209041217,21217,Bundoora - West,20904,Whittlesea - Wallan,209,Melbourne - North East,2GMEL,Greater Melbourne,2,Victoria,2.5601,0,,0,0,,0,0.0896476464469,0.000261588192653
235.96793590834068,209041219,21219,Lalor,20904,Whittlesea - Wallan,209,Melbourne - North East,2GMEL,Greater Melbourne,2,Victoria,12.0595,0,,0,0,,0,0.213438271606,0.00123150093662
12.002149850204535,209041220,21220,Mill Park - North,20904,Whittlesea - Wallan,209,Melbourne - North East,2GMEL,Greater Melbourne,2,Victoria,8.1362,0,,0,0,,0,0.167610379278,0.000830743701935
2.2741293614492157,209041221,21221,Mill Park - South,20904,Whittlesea - Wallan,209,Melbourne - North East,2GMEL,Greater Melbourne,2,Victoria,4.9298,0,,0,0,,0,0.148174388378,0.000503474351273
61.9998546873447,209041223,21223,Thomastown,20904,Whittlesea - Wallan,209,Melbourne - North East,2GMEL,Greater Melbourne,2,Victoria,14.6852,0,,0,0,,0,0.230535440644,0.00149988682496
294.99531426553676,209041224,21224,Wallan,20904,Whittlesea - Wallan,209,Melbourne - North East,2GMEL,Greater Melbourne,2,Victoria,507.7455,0,,0,0,,0,1.53884757942,0.0516584563533
79.00001435408394,209041225,21225,Whittlesea,20904,Whittlesea - Wallan,209,Melbourne - North East,2GMEL,Greater Melbourne,2,Victoria,297.9799,0,,0,0,,0,0.981410986992,0.0303616623161
1865.9987881905247,209041430,21430,Doreen,20904,Whittlesea - Wallan,209,Melbourne - North East,2GMEL,Greater Melbourne,2,Victoria,14.4616,0,,0,0,,0,0.205956795744,0.00147543063763
884.0001631036579,209041431,21431,Epping - East,20904,Whittlesea - Wallan,209,Melbourne - North East,2GMEL,Greater Melbourne,2,Victoria,7.7691,0,,0,0,,0,0.126194610822,0.000793033343141
883.999929512099,209041432,21432,Epping - South,20904,Whittlesea - Wallan,209,Melbourne - North East,2GMEL,Greater Melbourne,2,Victoria,15.8714,0,,0,0,,0,0.300228702537,0.00162017955104
884.0,209041433,21433,Epping - West,20904,Whittlesea - Wallan,209,Melbourne - North East,2GMEL,Greater Melbourne,2,Victoria,7.3573,0,,0,0,,0,0.117609080127,0.000750992819612
1865.999830059832,209041434,21434,Mernda,20904,Whittlesea - Wallan,209,Melbourne - North East,2GMEL,Greater Melbourne,2,Victoria,23.8231,0,,0,0,,0,0.272013809986,0.00243037058571
1865.9984713628448,209041435,21435,South Morang (North),20904,Whittlesea - Wallan,209,Melbourne - North East,2GMEL,Greater Melbourne,2,Victoria,13.7094,0,,0,0,,0,0.219361485959,0.00139919397737
1865.996745536692,209041436,21436,South Morang (South),20904,Whittlesea - Wallan,209,Melbourne - North East,2GMEL,Greater Melbourne,2,Victoria,7.7445,0,,0,0,,0,0.180487706992,0.000790663777053
884.0000562572847,209041437,21437,Wollert,20904,Whittlesea - Wallan,209,Melbourne - North East,2GMEL,Greater Melbourne,2,Victoria,53.8918,0,,0,0,,0,0.362160880862,0.00549787934117
79.99997389717005,210011226,21226,Airport West,21001,Keilor,210,Melbourne - North West,2GMEL,Greater Melbourne,2,Victoria,3.7194,0,,0,0,,0,0.083451005769,0.000380148797438
1.8767923955165244e-05,210011227,21227,Essendon Airport,21001,Keilor,210,Melbourne - North West,2GMEL,Greater Melbourne,2,Victoria,3.3549,0,,0,0,,0,0.0943964365206,0.000342874826894
22.000370523348682,210011228,21228,Keilor,21001,Keilor,210,Melbourne - North West,2GMEL,Greater Melbourne,2,Victoria,17.512,0,,0,0,,0,0.282487600897,0.00178957792121
205.99983497120928,210011229,21229,Keilor East,21001,Keilor,210,Melbourne - North West,2GMEL,Greater Melbourne,2,Victoria,10.8916,0,,0,0,,0,0.160796333383,0.0011135282831
67.00009731704552,210011230,21230,Niddrie - Essendon West,21001,Keilor,210,Melbourne - North West,2GMEL,Greater Melbourne,2,Victoria,2.8027,0,,0,0,,0,0.106340724787,0.000286537373914
52.00353706088703,210011231,21231,Strathmore,21001,Keilor,210,Melbourne - North West,2GMEL,Greater Melbourne,2,Victoria,4.1444,0,,0,0,,0,0.169899668001,0.000423613481779
74.00269547071183,210021232,21232,Gisborne,21002,Macedon Ranges,210,Melbourne - North West,2GMEL,Greater Melbourne,2,Victoria,211.0569,0,,0,0,,0,0.891196610199,0.0215040728592
9.001079907571334,210021233,21233,Macedon,21002,Macedon Ranges,210,Melbourne - North West,2GMEL,Greater Melbourne,2,Victoria,72.9902,0,,0,0,,0,0.482323543225,0.007428701956
28.998910960077808,210021234,21234,Riddells Creek,21002,Macedon Ranges,210,Melbourne - North West,2GMEL,Greater Melbourne,2,Victoria,83.3503,0,,0,0,,0,0.614575105411,0.00848603692194
74.00000588186992,210021235,21235,Romsey,21002,Macedon Ranges,210,Melbourne - North West,2GMEL,Greater Melbourne,2,Victoria,624.7096,0,,0,0,,0,1.76806425459,0.0635292198724
33.000157987976515,210031236,21236,Coburg North,21003,Moreland - North,210,Melbourne - North West,2GMEL,Greater Melbourne,2,Victoria,4.8779,0,,0,0,,0,0.10118922592,0.000498555388465
76.00003663629252,210031237,21237,Fawkner,21003,Moreland - North,210,Melbourne - North West,2GMEL,Greater Melbourne,2,Victoria,5.0848,0,,0,0,,0,0.116270870406,0.000519533133271
248.99662157672972,210031239,21239,Pascoe Vale,21003,Moreland - North,210,Melbourne - North West,2GMEL,Greater Melbourne,2,Victoria,6.9844,0,,0,0,,0,0.159570841747,0.000713712306392
283.99999228989543,210031438,21438,Glenroy,21003,Moreland - North,210,Melbourne - North West,2GMEL,Greater Melbourne,2,Victoria,8.8582,0,,0,0,,0,0.174098823452,0.000905065654056
283.9998794850551,210031439,21439,Gowanbrae,21003,Moreland - North,210,Melbourne - North West,2GMEL,Greater Melbourne,2,Victoria,1.5225,0,,0,0,,0,0.0648252836007,0.000155571349201
283.99997085710754,210031440,21440,Hadfield,21003,Moreland - North,210,Melbourne - North West,2GMEL,Greater Melbourne,2,Victoria,3.0501,0,,0,0,,0,0.0798236413501,0.000311678296537
35.000529412156354,210041240,21240,Sunbury,21004,Sunbury,210,Melbourne - North West,2GMEL,Greater Melbourne,2,Victoria,129.5488,0,,0,0,,0,0.770275994114,0.0132071292553
236.9995121493989,210041241,21241,Sunbury - South,21004,Sunbury,210,Melbourne - North West,2GMEL,Greater Melbourne,2,Victoria,131.1359,0,,0,0,,0,0.69747635787,0.0133783825155
99.99997954972095,210051242,21242,Broadmeadows,21005,Tullamarine - Broadmeadows,210,Melbourne - North West,2GMEL,Greater Melbourne,2,Victoria,8.8268,0,,0,0,,0,0.157904522722,0.000901572793775
24.00035353480611,210051243,21243,Campbellfield - Coolaroo,21005,Tullamarine - Broadmeadows,210,Melbourne - North West,2GMEL,Greater Melbourne,2,Victoria,18.1867,0,,0,0,,0,0.230109943968,0.00185713977966
29.000009673417214,210051245,21245,Gladstone Park - Westmeadows,21005,Tullamarine - Broadmeadows,210,Melbourne - North West,2GMEL,Greater Melbourne,2,Victoria,13.9361,0,,0,0,,0,0.194064430251,0.00142341251151
107.1368910455633,210051246,21246,Greenvale - Bulla,21005,Tullamarine - Broadmeadows,210,Melbourne - North West,2GMEL,Greater Melbourne,2,Victoria,95.9064,0,,0,0,,0,0.855111564606,0.00978825894823
23.000015865373435,210051247,21247,Meadow Heights,21005,Tullamarine - Broadmeadows,210,Melbourne - North West,2GMEL,Greater Melbourne,2,Victoria,4.6252,0,,0,0,,0,0.0869102538969,0.000472232981634
1.000011798735061,210051248,21248,Melbourne Airport,21005,Tullamarine - Broadmeadows,210,Melbourne - North West,2GMEL,Greater Melbourne,2,Victoria,30.3848,0,,0,0,,0,0.352170722447,0.00310327197774
163.35468153590801,210051249,21249,Roxburgh Park - Somerton,21005,Tullamarine - Broadmeadows,210,Melbourne - North West,2GMEL,Greater Melbourne,2,Victoria,12.2902,0,,0,0,,0,0.186706198407,0.00125445998904
32.99994322643106,210051250,21250,Tullamarine,21005,Tullamarine - Broadmeadows,210,Melbourne - North West,2GMEL,Greater Melbourne,2,Victoria,3.8595,0,,0,0,,0,0.101788499513,0.000394290442575
913.9999712912029,210051441,21441,Craigieburn - Central,21005,Tullamarine - Broadmeadows,210,Melbourne - North West,2GMEL,Greater Melbourne,2,Victoria,3.9686,0,,0,0,,0,0.108494906894,0.000404859152361
913.9999815648774,210051442,21442,Craigieburn - North,21005,Tullamarine - Broadmeadows,210,Melbourne - North West,2GMEL,Greater Melbourne,2,Victoria,13.3512,0,,0,0,,0,0.240713351931,0.00136174517952
913.997022632479,210051443,21443,Craigieburn - South,21005,Tullamarine - Broadmeadows,210,Melbourne - North West,2GMEL,Greater Melbourne,2,Victoria,11.9148,0,,0,0,,0,0.223916717546,0.00121565693308
914.0,210051444,21444,Craigieburn - West,21005,Tullamarine - Broadmeadows,210,Melbourne - North West,2GMEL,Greater Melbourne,2,Victoria,6.2118,0,,0,0,,0,0.112973383752,0.000633629848841
913.9238383847653,210051445,21445,Mickleham - Yuroke,21005,Tullamarine - Broadmeadows,210,Melbourne - North West,2GMEL,Greater Melbourne,2,Victoria,70.6333,0,,0,0,,0,0.532570956572,0.00720127697599
98.00002788483647,211011251,21251,Bayswater,21101,Knox,211,Melbourne - Outer East,2GMEL,Greater Melbourne,2,Victoria,8.0438,0,,0,0,,0,0.155308743538,0.000823366014338
150.558072853186,211011254,21254,Knoxfield - Scoresby,21101,Knox,211,Melbourne - Outer East,2GMEL,Greater Melbourne,2,Victoria,15.2651,0,,0,0,,0,0.30306334297,0.00156365696676
12.000004360153715,211011255,21255,Lysterfield,21101,Knox,211,Melbourne - Outer East,2GMEL,Greater Melbourne,2,Victoria,18.494,0,,0,0,,0,0.214261591663,0.00189511518438
20.00001011576155,211011256,21256,Rowville - Central,21101,Knox,211,Melbourne - Outer East,2GMEL,Greater Melbourne,2,Victoria,8.2003,0,,0,0,,0,0.171691883395,0.000840230700425
27.00059924936852,211011257,21257,Rowville - North,21101,Knox,211,Melbourne - Outer East,2GMEL,Greater Melbourne,2,Victoria,4.1688,0,,0,0,,0,0.117809095794,0.000427048698257
2.4430046937512486,211011258,21258,Rowville - South,21101,Knox,211,Melbourne - Outer East,2GMEL,Greater Melbourne,2,Victoria,9.3532,0,,0,0,,0,0.187384805198,0.000958589468214
14.000034346747835,211011259,21259,Wantirna,21101,Knox,211,Melbourne - Outer East,2GMEL,Greater Melbourne,2,Victoria,8.3064,0,,0,0,,0,0.152024402167,0.000850330938056
102.95331961978576,211011260,21260,Wantirna South,21101,Knox,211,Melbourne - Outer East,2GMEL,Greater Melbourne,2,Victoria,13.3559,0,,0,0,,0,0.242706190718,0.00136765342569
133.00000863593542,211011446,21446,Boronia,21101,Knox,211,Melbourne - Outer East,2GMEL,Greater Melbourne,2,Victoria,11.2631,0,,0,0,,0,0.23532539585,0.00115311979888
98.00000150419636,211011447,21447,Ferntree Gully (North),21101,Knox,211,Melbourne - Outer East,2GMEL,Greater Melbourne,2,Victoria,6.9851,0,,0,0,,0,0.159023282378,0.000715326603957
98.0000042436852,211011448,21448,Ferntree Gully (South) - Upper Ferntree Gully,21101,Knox,211,Melbourne - Outer East,2GMEL,Greater Melbourne,2,Victoria,9.1499,0,,0,0,,0,0.190557702534,0.000937226711194
132.99982279051744,211011449,21449,The Basin,21101,Knox,211,Melbourne - Outer East,2GMEL,Greater Melbourne,2,Victoria,5.7163,0,,0,0,,0,0.146620705415,0.000585191616467
43.0000091852957,211021261,21261,Donvale - Park Orchards,21102,Manningham - East,211,Melbourne - Outer East,2GMEL,Greater Melbourne,2,Victoria,20.8028,0,,0,0,,0,0.269052920206,0.00212767466335
39.00000602527591,211021262,21262,Warrandyte - Wonga Park,21102,Manningham - East,211,Melbourne - Outer East,2GMEL,Greater Melbourne,2,Victoria,45.7591,0,,0,0,,0,0.589820048121,0.00467763377854
29.000026871576203,211031263,21263,Bayswater North,21103,Maroondah,211,Melbourne - Outer East,2GMEL,Greater Melbourne,2,Victoria,9.909,0,,0,0,,0,0.184590451959,0.00101410870506
54.00001433020042,211031265,21265,Croydon Hills - Warranwood,21103,Maroondah,211,Melbourne - Outer East,2GMEL,Greater Melbourne,2,Victoria,9.492,0,,0,0,,0,0.152975317682,0.00097069752189
56.02587798753581,211031266,21266,Ringwood,21103,Maroondah,211,Melbourne - Outer East,2GMEL,Greater Melbourne,2,Victoria,9.9105,0,,0,0,,0,0.20651457392,0.00101404546765
54.000458902844656,211031267,21267,Ringwood East,21103,Maroondah,211,Melbourne - Outer East,2GMEL,Greater Melbourne,2,Victoria,9.3929,0,,0,0,,0,0.171434085692,0.000961179024342
23.000051924979388,211031268,21268,Ringwood North,21103,Maroondah,211,Melbourne - Outer East,2GMEL,Greater Melbourne,2,Victoria,4.7307,0,,0,0,,0,0.115050713097,0.000483936524927
274.9998079318244,211031450,21450,Croydon - East,21103,Maroondah,211,Melbourne - Outer East,2GMEL,Greater Melbourne,2,Victoria,8.0982,0,,0,0,,0,0.140069087066,0.000828482228118
274.7915419077861,211031451,21451,Croydon - West,21103,Maroondah,211,Melbourne - Outer East,2GMEL,Greater Melbourne,2,Victoria,6.7979,0,,0,0,,0,0.152191277433,0.000695344846762
274.9768085159379,211031452,21452,Croydon South,21103,Maroondah,211,Melbourne - Outer East,2GMEL,Greater Melbourne,2,Victoria,2.856,0,,0,0,,0,0.114220654883,0.000292215605833
26.000026321237037,211041269,21269,Forest Hill,21104,Whitehorse - East,211,Melbourne - Outer East,2GMEL,Greater Melbourne,2,Victoria,4.0702,0,,0,0,,0,0.112695892197,0.000416636507181
92.99990797251512,211041270,21270,Mitcham (Vic.),21104,Whitehorse - East,211,Melbourne - Outer East,2GMEL,Greater Melbourne,2,Victoria,6.6271,0,,0,0,,0,0.115167071298,0.000678111127359
53.00004270195319,211041271,21271,Nunawading,21104,Whitehorse - East,211,Melbourne - Outer East,2GMEL,Greater Melbourne,2,Victoria,5.0785,0,,0,0,,0,0.121785137461,0.000519620541795
49.999994384209046,211041272,21272,Vermont,21104,Whitehorse - East,211,Melbourne - Outer East,2GMEL,Greater Melbourne,2,Victoria,4.6098,0,,0,0,,0,0.102906533617,0.000471789772379
35.000026899480716,211041273,21273,Vermont South,21104,Whitehorse - East,211,Melbourne - Outer East,2GMEL,Greater Melbourne,2,Victoria,6.184,0,,0,0,,0,0.137702672135,0.000633080649025
10.011498497048875,211051274,21274,Belgrave - Selby,21105,Yarra Ranges,211,Melbourne - Outer East,2GMEL,Greater Melbourne,2,Victoria,55.6519,0,,0,0,,0,0.454780798065,0.00570370633802
22.000047615755964,211051275,21275,Chirnside Park,21105,Yarra Ranges,211,Melbourne - Outer East,2GMEL,Greater Melbourne,2,Victoria,22.2024,0,,0,0,,0,0.234326409641,0.00226948172867
73.00000362473908,211051276,21276,Healesville - Yarra Glen,21105,Yarra Ranges,211,Melbourne - Outer East,2GMEL,Greater Melbourne,2,Victoria,369.5236,0,,0,0,,0,1.36602933968,0.0377151153087
63.00330572102199,211051277,21277,Kilsyth,21105,Yarra Ranges,211,Melbourne - Outer East,2GMEL,Greater Melbourne,2,Victoria,8.2426,0,,0,0,,0,0.182661647553,0.000843357646353
113.99998781610867,211051278,21278,Lilydale - Coldstream,21105,Yarra Ranges,211,Melbourne - Outer East,2GMEL,Greater Melbourne,2,Victoria,109.3818,0,,0,0,,0,0.865057315923,0.0111768960822
11.00000708729827,211051279,21279,Monbulk - Silvan,21105,Yarra Ranges,211,Melbourne - Outer East,2GMEL,Greater Melbourne,2,Victoria,68.5552,0,,0,0,,0,0.592750203328,0.00701921050368
19.00000863440172,211051280,21280,Montrose,21105,Yarra Ranges,211,Melbourne - Outer East,2GMEL,Greater Melbourne,2,Victoria,10.5431,0,,0,0,,0,0.193896089348,0.00107873241625
114.00000832749015,211051281,21281,Mooroolbark,21105,Yarra Ranges,211,Melbourne - Outer East,2GMEL,Greater Melbourne,2,Victoria,12.5434,0,,0,0,,0,0.203581452935,0.00128292070965
14.000007048130122,211051282,21282,Mount Dandenong - Olinda,21105,Yarra Ranges,211,Melbourne - Outer East,2GMEL,Greater Melbourne,2,Victoria,81.8992,0,,0,0,,0,0.705047617976,0.00838523848922
45.00000422765805,211051283,21283,Mount Evelyn,21105,Yarra Ranges,211,Melbourne - Outer East,2GMEL,Greater Melbourne,2,Victoria,16.9894,0,,0,0,,0,0.224832656793,0.00173775842316
11.000006164622576,211051284,21284,Upwey - Tecoma,21105,Yarra Ranges,211,Melbourne - Outer East,2GMEL,Greater Melbourne,2,Victoria,8.8907,0,,0,0,,0,0.169088906417,0.000910835943539
21.020901539477787,211051285,21285,Wandin - Seville,21105,Yarra Ranges,211,Melbourne - Outer East,2GMEL,Greater Melbourne,2,Victoria,111.7555,0,,0,0,,0,0.695117458049,0.0114266124696
45.997507774709874,211051286,21286,Yarra Valley,21105,Yarra Ranges,211,Melbourne - Outer East,2GMEL,Greater Melbourne,2,Victoria,729.7582,0,,0,0,,0,1.78724936437,0.0746226482647
261.0096004488505,212011287,21287,Beaconsfield - Officer,21201,Cardinia,212,Melbourne - South East,2GMEL,Greater Melbourne,2,Victoria,41.1778,0,,0,0,,0,0.366070614341,0.00422640427523
71.00013456341372,212011288,21288,Bunyip - Garfield,21201,Cardinia,212,Melbourne - South East,2GMEL,Greater Melbourne,2,Victoria,373.1113,0,,0,0,,0,1.07680168262,0.0383123357267
77.99998282340846,212011289,21289,Emerald - Cockatoo,21201,Cardinia,212,Melbourne - South East,2GMEL,Greater Melbourne,2,Victoria,371.6241,0,,0,0,,0,1.5969516691,0.0380948719954
58.0000071110265,212011290,21290,Koo Wee Rup,21201,Cardinia,212,Melbourne - South East,2GMEL,Greater Melbourne,2,Victoria,409.4351,0,,0,0,,0,1.32427577757,0.0421155666821
482.0184303820125,212011291,21291,Pakenham - North,21201,Cardinia,212,Melbourne - South East,2GMEL,Greater Melbourne,2,Victoria,37.2213,0,,0,0,,0,0.346587288717,0.00382022654179
497.99902965338305,212011292,21292,Pakenham - South,21201,Cardinia,212,Melbourne - South East,2GMEL,Greater Melbourne,2,Victoria,49.7574,0,,0,0,,0,0.364767774332,0.0051102138411
151.0758991599953,212021293,21293,Berwick - North,21202,Casey - North,212,Melbourne - South East,2GMEL,Greater Melbourne,2,Victoria,19.748,0,,0,0,,0,0.237934102401,0.00202626597928
72.99724523578375,212021294,21294,Berwick - South,21202,Casey - North,212,Melbourne - South East,2GMEL,Greater Melbourne,2,Victoria,14.8552,0,,0,0,,0,0.215449800526,0.00152502860192
76.06059087049528,212021295,21295,Doveton,21202,Casey - North,212,Melbourne - South East,2GMEL,Greater Melbourne,2,Victoria,5.1934,0,,0,0,,0,0.121582740835,0.000532621241408
38.04232112971253,212021297,21297,Hallam,21202,Casey - North,212,Melbourne - South East,2GMEL,Greater Melbourne,2,Victoria,8.0565,0,,0,0,,0,0.128872394968,0.000826459086328
48.23264137551336,212021299,21299,Narre Warren North,21202,Casey - North,212,Melbourne - South East,2GMEL,Greater Melbourne,2,Victoria,34.4086,0,,0,0,,0,0.348221850634,0.00352876760305
17.003633410869725,212021453,21453,Endeavour Hills - North,21202,Casey - North,212,Melbourne - South East,2GMEL,Greater Melbourne,2,Victoria,14.4746,0,,0,0,,0,0.174471443668,0.00148389307903
17.000017144634334,212021454,21454,Endeavour Hills - South,21202,Casey - North,212,Melbourne - South East,2GMEL,Greater Melbourne,2,Victoria,5.5873,0,,0,0,,0,0.109688175938,0.000573014799733
57.99999643173781,212021455,21455,Narre Warren - North East,21202,Casey - North,212,Melbourne - South East,2GMEL,Greater Melbourne,2,Victoria,4.874,0,,0,0,,0,0.117028767014,0.000499986062698
57.997749452282136,212021456,21456,Narre Warren - South West,21202,Casey - North,212,Melbourne - South East,2GMEL,Greater Melbourne,2,Victoria,9.3054,0,,0,0,,0,0.162318738367,0.000954813517927
117.00738400727202,212031300,21300,Cranbourne,21203,Casey - South,212,Melbourne - South East,2GMEL,Greater Melbourne,2,Victoria,13.027,0,,0,0,,0,0.18156590237,0.00133812281273
734.9784616463523,212031301,21301,Cranbourne East,21203,Casey - South,212,Melbourne - South East,2GMEL,Greater Melbourne,2,Victoria,42.8901,0,,0,0,,0,0.333077547584,0.00440559747769
188.99660660035784,212031302,21302,Cranbourne North,21203,Casey - South,212,Melbourne - South East,2GMEL,Greater Melbourne,2,Victoria,10.2394,0,,0,0,,0,0.176214856585,0.00105142416145
160.00002286563856,212031303,21303,Cranbourne South,21203,Casey - South,212,Melbourne - South East,2GMEL,Greater Melbourne,2,Victoria,81.6623,0,,0,0,,0,0.447344463134,0.00839347096185
346.9979873403959,212031304,21304,Cranbourne West,21203,Casey - South,212,Melbourne - South East,2GMEL,Greater Melbourne,2,Victoria,12.8981,0,,0,0,,0,0.16852070692,0.00132483707381
100.03527943761326,212031305,21305,Hampton Park - Lynbrook,21203,Casey - South,212,Melbourne - South East,2GMEL,Greater Melbourne,2,Victoria,13.3423,0,,0,0,,0,0.168412300908,0.00136929729798
166.00345406077193,212031306,21306,Lynbrook - Lyndhurst,21203,Casey - South,212,Melbourne - South East,2GMEL,Greater Melbourne,2,Victoria,7.3581,0,,0,0,,0,0.134285755662,0.000755393174957
14.000004676177316,212031308,21308,Pearcedale - Tooradin,21203,Casey - South,212,Melbourne - South East,2GMEL,Greater Melbourne,2,Victoria,98.5112,0,,0,0,,0,0.642374470699,0.0101325180967
54.00137600509379,212031457,21457,Narre Warren South (East),21203,Casey - South,212,Melbourne - South East,2GMEL,Greater Melbourne,2,Victoria,6.2204,0,,0,0,,0,0.111688703612,0.000638563538966
54.00002538242172,212031458,21458,Narre Warren South (West),21203,Casey - South,212,Melbourne - South East,2GMEL,Greater Melbourne,2,Victoria,6.777,0,,0,0,,0,0.120024369765,0.000695588896048
20.000022592337174,212041309,21309,Clarinda - Oakleigh South,21204,Dandenong,212,Melbourne - South East,2GMEL,Greater Melbourne,2,Victoria,6.3227,0,,0,0,,0,0.124365892501,0.000648012995538
45.00000449458539,212041310,21310,Clayton South,21204,Dandenong,212,Melbourne - South East,2GMEL,Greater Melbourne,2,Victoria,7.938,0,,0,0,,0,0.124721750129,0.000813664644822
241.92879492536238,212041311,21311,Dandenong,21204,Dandenong,212,Melbourne - South East,2GMEL,Greater Melbourne,2,Victoria,61.8243,0,,0,0,,0,0.403000657588,0.00634418104777
39.977551935952164,212041312,21312,Dandenong North,21204,Dandenong,212,Melbourne - South East,2GMEL,Greater Melbourne,2,Victoria,9.459,0,,0,0,,0,0.151589558538,0.000969593633152
20.000071693931417,212041313,21313,Dingley Village,21204,Dandenong,212,Melbourne - South East,2GMEL,Greater Melbourne,2,Victoria,7.2437,0,,0,0,,0,0.118819102528,0.00074274078869
309.9997227604873,212041314,21314,Keysborough,21204,Dandenong,212,Melbourne - South East,2GMEL,Greater Melbourne,2,Victoria,30.2794,0,,0,0,,0,0.243184868076,0.00310650112537
15.000040637507098,212041316,21316,Noble Park North,21204,Dandenong,212,Melbourne - South East,2GMEL,Greater Melbourne,2,Victoria,3.7574,0,,0,0,,0,0.103083997307,0.000385200796009
67.00000689510497,212041317,21317,Springvale,21204,Dandenong,212,Melbourne - South East,2GMEL,Greater Melbourne,2,Victoria,11.1052,0,,0,0,,0,0.162186317787,0.00113833183758
12.000060636210732,212041318,21318,Springvale South,21204,Dandenong,212,Melbourne - South East,2GMEL,Greater Melbourne,2,Victoria,4.56,0,,0,0,,0,0.10909049335,0.000467533220538
159.99996612343293,212041459,21459,Noble Park - East,21204,Dandenong,212,Melbourne - South East,2GMEL,Greater Melbourne,2,Victoria,3.7671,0,,0,0,,0,0.112411953685,0.000386277260772
159.9999846167497,212041460,21460,Noble Park - West,21204,Dandenong,212,Melbourne - South East,2GMEL,Greater Melbourne,2,Victoria,4.7945,0,,0,0,,0,0.123223547323,0.000491542529242
113.99993598572757,212051319,21319,Ashwood - Chadstone,21205,Monash,212,Melbourne - South East,2GMEL,Greater Melbourne,2,Victoria,6.7087,0,,0,0,,0,0.114650368007,0.000686976096662
185.00000601249087,212051320,21320,Clayton,21205,Monash,212,Melbourne - South East,2GMEL,Greater Melbourne,2,Victoria,9.4112,0,,0,0,,0,0.144764552592,0.00096425705171
52.1262078353817,212051321,21321,Glen Waverley - East,21205,Monash,212,Melbourne - South East,2GMEL,Greater Melbourne,2,Victoria,9.1645,0,,0,0,,0,0.190132754128,0.000938490224056
199.99942128842693,212051322,21322,Glen Waverley - West,21205,Monash,212,Melbourne - South East,2GMEL,Greater Melbourne,2,Victoria,7.6758,0,,0,0,,0,0.121852520443,0.000786072115789
60.00030177686794,212051323,21323,Mount Waverley - North,21205,Monash,212,Melbourne - South East,2GMEL,Greater Melbourne,2,Victoria,6.484,0,,0,0,,0,0.109877375319,0.000663889227681
100.99870283378087,212051324,21324,Mount Waverley - South,21205,Monash,212,Melbourne - South East,2GMEL,Greater Melbourne,2,Victoria,8.7006,0,,0,0,,0,0.124023772144,0.000891151365299
136.93677922024753,212051325,21325,Mulgrave,21205,Monash,212,Melbourne - South East,2GMEL,Greater Melbourne,2,Victoria,10.7189,0,,0,0,,0,0.206916923218,0.00109835425656
111.00011963724623,212051326,21326,Oakleigh - Huntingdale,21205,Monash,212,Melbourne - South East,2GMEL,Greater Melbourne,2,Victoria,10.1702,0,,0,0,,0,0.148849478557,0.00104191031563
20.097842892730842,212051327,21327,Wheelers Hill,21205,Monash,212,Melbourne - South East,2GMEL,Greater Melbourne,2,Victoria,10.4394,0,,0,0,,0,0.17059646479,0.00106942438576
38.00085107310072,213011328,21328,Ardeer - Albion,21301,Brimbank,213,Melbourne - West,2GMEL,Greater Melbourne,2,Victoria,4.5883,0,,0,0,,0,0.0957954848708,0.000469233284418
21.167502415216223,213011329,21329,Cairnlea,21301,Brimbank,213,Melbourne - West,2GMEL,Greater Melbourne,2,Victoria,4.4061,0,,0,0,,0,0.104024806758,0.000450470360233
283.97386607797216,213011330,21330,Deer Park - Derrimut,21301,Brimbank,213,Melbourne - West,2GMEL,Greater Melbourne,2,Victoria,21.3348,0,,0,0,,0,0.246492133475,0.00218212143438
4.000045110966136,213011331,21331,Delahey,21301,Brimbank,213,Melbourne - West,2GMEL,Greater Melbourne,2,Victoria,3.5055,0,,0,0,,0,0.0793787167981,0.000358231040383
36.00000084631834,213011332,21332,Keilor Downs,21301,Brimbank,213,Melbourne - West,2GMEL,Greater Melbourne,2,Victoria,7.6597,0,,0,0,,0,0.174070403553,0.000782830444967
16.000458460917727,213011333,21333,Kings Park (Vic.),21301,Brimbank,213,Melbourne - West,2GMEL,Greater Melbourne,2,Victoria,4.4323,0,,0,0,,0,0.0917171225028,0.000453023077473
72.99999431701593,213011334,21334,St Albans - North,21301,Brimbank,213,Melbourne - West,2GMEL,Greater Melbourne,2,Victoria,6.5225,0,,0,0,,0,0.120267210858,0.000666670616024
25.00000717440586,213011335,21335,St Albans - South,21301,Brimbank,213,Melbourne - West,2GMEL,Greater Melbourne,2,Victoria,6.2647,0,,0,0,,0,0.137851437255,0.000640534514741
44.00011444707364,213011336,21336,Sunshine,21301,Brimbank,213,Melbourne - West,2GMEL,Greater Melbourne,2,Victoria,4.732,0,,0,0,,0,0.14274154678,0.00048400041944
51.00003042891247,213011337,21337,Sunshine North,21301,Brimbank,213,Melbourne - West,2GMEL,Greater Melbourne,2,Victoria,8.0239,0,,0,0,,0,0.118503523916,0.00082035089698
121.00002110587856,213011338,21338,Sunshine West,21301,Brimbank,213,Melbourne - West,2GMEL,Greater Melbourne,2,Victoria,12.9688,0,,0,0,,0,0.213968732753,0.00132676403207
41.00001053882454,213011339,21339,Sydenham,21301,Brimbank,213,Melbourne - West,2GMEL,Greater Melbourne,2,Victoria,3.9479,0,,0,0,,0,0.0989556323666,0.000403374125357
21.00001002850665,213011340,21340,Taylors Lakes,21301,Brimbank,213,Melbourne - West,2GMEL,Greater Melbourne,2,Victoria,18.4632,0,,0,0,,0,0.277976447642,0.00188595970585
210.99950739522762,213021341,21341,Altona,21302,Hobsons Bay,213,Melbourne - West,2GMEL,Greater Melbourne,2,Victoria,17.6847,0,,0,0,,0,0.242791600032,0.00181061965371
40.00012190547283,213021342,21342,Altona Meadows,21302,Hobsons Bay,213,Melbourne - West,2GMEL,Greater Melbourne,2,Victoria,10.5398,0,,0,0,,0,0.182219208302,0.00107941011748
101.00000203683726,213021343,21343,Altona North,21302,Hobsons Bay,213,Melbourne - West,2GMEL,Greater Melbourne,2,Victoria,16.1844,0,,0,0,,0,0.201788876361,0.00165644358812
135.999968281569,213021344,21344,Newport,21302,Hobsons Bay,213,Melbourne - West,2GMEL,Greater Melbourne,2,Victoria,8.8407,0,,0,0,,0,0.218588943615,0.000904790714217
2.0005030390751415,213021345,21345,Seabrook,21302,Hobsons Bay,213,Melbourne - West,2GMEL,Greater Melbourne,2,Victoria,1.6199,0,,0,0,,0,0.0566681089662,0.000165894033838
49.000014918491544,213021346,21346,Williamstown,21302,Hobsons Bay,213,Melbourne - West,2GMEL,Greater Melbourne,2,Victoria,7.3463,0,,0,0,,0,0.180234435889,0.000752182178722
203.99165077436004,213031347,21347,Braybrook,21303,Maribyrnong,213,Melbourne - West,2GMEL,Greater Melbourne,2,Victoria,7.4842,0,,0,0,,0,0.137708944561,0.00076554936671
89.99992457665078,213031348,21348,Footscray,21303,Maribyrnong,213,Melbourne - West,2GMEL,Greater Melbourne,2,Victoria,4.967,0,,0,0,,0,0.119614345675,0.00050812886698
172.00025629761456,213031349,21349,Maribyrnong,21303,Maribyrnong,213,Melbourne - West,2GMEL,Greater Melbourne,2,Victoria,5.4934,0,,0,0,,0,0.13208823457,0.000561749199278
26.000029507899796,213031350,21350,Seddon - Kingsville,21303,Maribyrnong,213,Melbourne - West,2GMEL,Greater Melbourne,2,Victoria,1.6803,0,,0,0,,0,0.0728954348985,0.000171888556991
99.99998754516226,213031351,21351,West Footscray - Tottenham,21303,Maribyrnong,213,Melbourne - West,2GMEL,Greater Melbourne,2,Victoria,5.9807,0,,0,0,,0,0.131053732005,0.000611874643533
60.99999892165868,213031352,21352,Yarraville,21303,Maribyrnong,213,Melbourne - West,2GMEL,Greater Melbourne,2,Victoria,5.6198,0,,0,0,,0,0.128624336184,0.000575108360976
353.00000912444375,213041353,21353,Bacchus Marsh,21304,Melton - Bacchus Marsh,213,Melbourne - West,2GMEL,Greater Melbourne,2,Victoria,196.2984,0,,0,0,,0,1.06425161047,0.0200384578169
116.00176191124052,213041355,21355,Hillside,21304,Melton - Bacchus Marsh,213,Melbourne - West,2GMEL,Greater Melbourne,2,Victoria,66.5481,0,,0,0,,0,0.449954960904,0.00679771769523
150.00175025381148,213041356,21356,Melton,21304,Melton - Bacchus Marsh,213,Melbourne - West,2GMEL,Greater Melbourne,2,Victoria,130.7052,0,,0,0,,0,0.599760851309,0.0133395208015
523.9997726870739,213041357,21357,Melton South,21304,Melton - Bacchus Marsh,213,Melbourne - West,2GMEL,Greater Melbourne,2,Victoria,110.9612,0,,0,0,,0,0.527604786754,0.0113423671488
239.00008490043325,213041358,21358,Melton West,21304,Melton - Bacchus Marsh,213,Melbourne - West,2GMEL,Greater Melbourne,2,Victoria,24.2021,0,,0,0,,0,0.260817146493,0.00247144664953
3.004538779154563,213041359,21359,Rockbank - Mount Cottrell,21304,Melton - Bacchus Marsh,213,Melbourne - West,2GMEL,Greater Melbourne,2,Victoria,125.7608,0,,0,0,,0,0.612907377369,0.012858557333
176.99976581985112,213041360,21360,Taylors Hill,21304,Melton - Bacchus Marsh,213,Melbourne - West,2GMEL,Greater Melbourne,2,Victoria,5.9679,0,,0,0,,0,0.106093231041,0.000609776667504
242.0224767541455,213041461,21461,Burnside,21304,Melton - Bacchus Marsh,213,Melbourne - West,2GMEL,Greater Melbourne,2,Victoria,2.552,0,,0,0,,0,0.0871163477442,0.00026090328987
241.79974383309764,213041462,21462,Burnside Heights,21304,Melton - Bacchus Marsh,213,Melbourne - West,2GMEL,Greater Melbourne,2,Victoria,1.9953,0,,0,0,,0,0.0621301812589,0.000203915014084
241.98756640790765,213041463,21463,Caroline Springs,21304,Melton - Bacchus Marsh,213,Melbourne - West,2GMEL,Greater Melbourne,2,Victoria,6.9526,0,,0,0,,0,0.125339658782,0.000710616669298
15.000534034070697,213051361,21361,Hoppers Crossing - North,21305,Wyndham,213,Melbourne - West,2GMEL,Greater Melbourne,2,Victoria,10.9136,0,,0,0,,0,0.207826441818,0.00111735181021
16.000026342991966,213051362,21362,Hoppers Crossing - South,21305,Wyndham,213,Melbourne - West,2GMEL,Greater Melbourne,2,Victoria,7.0114,0,,0,0,,0,0.125295561933,0.000717911157975
117.99989178896381,213051363,21363,Laverton,21305,Wyndham,213,Melbourne - West,2GMEL,Greater Melbourne,2,Victoria,22.2451,0,,0,0,,0,0.261133917825,0.00227683166333
696.8078299457957,213051365,21365,Tarneit,21305,Wyndham,213,Melbourne - West,2GMEL,Greater Melbourne,2,Victoria,62.142,0,,0,0,,0,0.463081759797,0.00635941205133
344.0399578089056,213051366,21366,Truganina,21305,Wyndham,213,Melbourne - West,2GMEL,Greater Melbourne,2,Victoria,27.1648,0,,0,0,,0,0.236053663593,0.0027801562916
59.00020437586089,213051368,21368,Werribee - South,21305,Wyndham,213,Melbourne - West,2GMEL,Greater Melbourne,2,Victoria,114.0334,0,,0,0,,0,0.551979499591,0.011689243372
441.99683399919144,213051369,21369,Wyndham Vale,21305,Wyndham,213,Melbourne - West,2GMEL,Greater Melbourne,2,Victoria,128.2408,0,,0,0,,0,0.640028898499,0.0131261515515
1055.0000029898918,213051464,21464,Point Cook - East,21305,Wyndham,213,Melbourne - West,2GMEL,Greater Melbourne,2,Victoria,19.0355,0,,0,0,,0,0.228615316348,0.00195033195136
1054.9972924289236,213051465,21465,Point Cook - North,21305,Wyndham,213,Melbourne - West,2GMEL,Greater Melbourne,2,Victoria,8.4906,0,,0,0,,0,0.129210196297,0.000869584498821
1054.9967378114989,213051466,21466,Point Cook - South,21305,Wyndham,213,Melbourne - West,2GMEL,Greater Melbourne,2,Victoria,9.4222,0,,0,0,,0,0.125081800802,0.000965310280376
110.00003190042007,213051467,21467,Werribee - East,21305,Wyndham,213,Melbourne - West,2GMEL,Greater Melbourne,2,Victoria,7.7569,0,,0,0,,0,0.131512346879,0.000794409200636
110.00019605455698,213051468,21468,Werribee - West,21305,Wyndham,213,Melbourne - West,2GMEL,Greater Melbourne,2,Victoria,127.6632,0,,0,0,,0,0.651235511114,0.0130809339786
161.00026312147392,214011370,21370,Carrum Downs,21401,Frankston,214,Mornington Peninsula,2GMEL,Greater Melbourne,2,Victoria,20.3079,0,,0,0,,0,0.233421991415,0.00208564895087
79.99998161452336,214011371,21371,Frankston,21401,Frankston,214,Mornington Peninsula,2GMEL,Greater Melbourne,2,Victoria,11.6244,0,,0,0,,0,0.177153603761,0.00119489334099
23.00002167386503,214011372,21372,Frankston North,21401,Frankston,214,Mornington Peninsula,2GMEL,Greater Melbourne,2,Victoria,13.2383,0,,0,0,,0,0.153290437862,0.00136036364968
48.000007527774585,214011373,21373,Frankston South,21401,Frankston,214,Mornington Peninsula,2GMEL,Greater Melbourne,2,Victoria,14.5602,0,,0,0,,0,0.17370281331,0.00149707465413
99.00009708467934,214011374,21374,Langwarrin,21401,Frankston,214,Mornington Peninsula,2GMEL,Greater Melbourne,2,Victoria,37.6199,0,,0,0,,0,0.2641777856,0.00386723432772
63.00001640167208,214011375,21375,Seaford (Vic.),21401,Frankston,214,Mornington Peninsula,2GMEL,Greater Melbourne,2,Victoria,12.4321,0,,0,0,,0,0.171561625389,0.00127696260603
200.00015339744527,214011376,21376,Skye - Sandhurst,21401,Frankston,214,Mornington Peninsula,2GMEL,Greater Melbourne,2,Victoria,19.8152,0,,0,0,,0,0.216304480664,0.00203530052669
164.99984091117454,214021377,21377,Dromana,21402,Mornington Peninsula,214,Mornington Peninsula,2GMEL,Greater Melbourne,2,Victoria,45.0575,0,,0,0,,0,0.388841166341,0.00464274230426
39.00069253607211,214021378,21378,Flinders,21402,Mornington Peninsula,214,Mornington Peninsula,2GMEL,Greater Melbourne,2,Victoria,287.3793,0,,0,0,,0,1.23936361039,0.0296364437985
172.99998105973654,214021379,21379,Hastings - Somers,21402,Mornington Peninsula,214,Mornington Peninsula,2GMEL,Greater Melbourne,2,Victoria,108.884,0,,0,0,,0,0.817010889,0.0112209906863
159.99516173173996,214021380,21380,Mornington,21402,Mornington Peninsula,214,Mornington Peninsula,2GMEL,Greater Melbourne,2,Victoria,21.0928,0,,0,0,,0,0.225375700669,0.00217034568084
69.00007779060712,214021381,21381,Mount Eliza,21402,Mornington Peninsula,214,Mornington Peninsula,2GMEL,Greater Melbourne,2,Victoria,23.2077,0,,0,0,,0,0.211589816587,0.00238682451879
132.92984756487172,214021382,21382,Mount Martha,21402,Mornington Peninsula,214,Mornington Peninsula,2GMEL,Greater Melbourne,2,Victoria,30.2094,0,,0,0,,0,0.257743610758,0.00311025865833
173.97241459857085,214021383,21383,Point Nepean,21402,Mornington Peninsula,214,Mornington Peninsula,2GMEL,Greater Melbourne,2,Victoria,67.1875,0,,0,0,,0,0.687054394428,0.00692687027394
161.9818803238445,214021384,21384,Rosebud - McCrae,21402,Mornington Peninsula,214,Mornington Peninsula,2GMEL,Greater Melbourne,2,Victoria,23.7957,0,,0,0,,0,0.262637332643,0.00245294067846
28.000582844766416,214021385,21385,Somerville,21402,Mornington Peninsula,214,Mornington Peninsula,2GMEL,Greater Melbourne,2,Victoria,117.354,0,,0,0,,0,0.512954075034,0.0120766365712
